Name,Set,Card Number,Color,Rarity,Card Type,Property
Ariel - On Human Legs,1,1,Amber,Uncommon,Character,Little Mermaid
Ariel - Spectacular Singer,1,2,Amber,Super Rare,Character,Little Mermaid
Cinderella - Gentle and Kind,1,3,Amber,Uncommon,Character,Cinderella
Goofy - Musketeer,1,4,Amber,Uncommon,Character,Classic Disney
Hades - King of Olympus,1,5,Amber,Rare,Character,Hercules
Hades - Lord of the Underworld,1,6,Amber,Rare,Character,Hercules
HeiHei - Boat Snack,1,7,Amber,Common,Character,Moana
LeFou - Bumbler,1,8,Amber,Uncommon,Character,Beauty and the Beast
Lilo - Making a Wish,1,9,Amber,Rare,Character,Lilo and Stitch
Maximus - Palace Horse,1,10,Amber,Super Rare,Character,Tangled
Maximus - Relentless Pursuer,1,11,Amber,Uncommon,Character,Tangled
Mickey Mouse - True Friend,1,12,Amber,Uncommon,Character,Classic Disney
Minnie Mouse - Beloved Princess,1,13,Amber,Common,Character,Classic Disney
Moana - Of Motunui,1,14,Amber,Rare,Character,Moana
Mr. Smee - Loyal First Mate,1,15,Amber,Common,Character,Peter Pan
Prince Phillip - Dragonslayer,1,16,Amber,Uncommon,Character,Sleeping Beauty
Pumbaa - Friendly Warthog,1,17,Amber,Common,Character,Lion King
Rapunzel - Gifted with Healing,1,18,Amber,Legendary,Character,Tangled
Sebastian - Court Composer,1,19,Amber,Common,Character,Tangled
Simba - Protective Cub,1,20,Amber,Common,Character,Lion King
Stitch - Carefree Surfer,1,21,Amber,Legendary,Character,Lilo and Stitch
Stitch - New Dog,1,22,Amber,Common,Character,Lilo and Stitch
Stitch - Rock Star,1,23,Amber,Super Rare,Character,Lilo and Stitch
Timon - Grub Rustler,1,24,Amber,Common,Character,Lion King
Anna - Heir to Arendelle,1,35,Amethyst,Uncommon,Character,Frozen
Archimedes - Highly Educated Owl,1,36,Amethyst,Common,Character,Sword in the Stone
Dr. Facilier - Agent Provocateur,1,37,Amethyst,Rare,Character,Princess and the Frog
Dr. Facilier - Charlatan,1,38,Amethyst,Common,Character,Princess and the Frog
Dr. Facilier - Remarkable Gentleman,1,39,Amethyst,Rare,Character,Princess and the Frog
Elsa - Queen Regent,1,40,Amethyst,Common,Character,Frozen
Elsa - Snow Queen,1,41,Amethyst,Uncommon,Character,Frozen
Elsa - Spirit of Winter,1,42,Amethyst,Legendary,Character,Frozen
Flotsam - Ursula's Spy,1,43,Amethyst,Rare,Character,Little Mermaid
Jafar - Keeper of Secrets,1,44,Amethyst,Rare,Character,Aladdin
Jafar - Wicked Sorcerer,1,45,Amethyst,Common,Character,Aladdin
Jetsam - Ursula's Spy,1,46,Amethyst,Common,Character,Little Mermaid
Magic Broom - Bucket Brigade,1,47,Amethyst,Common,Character,Fantasia
Maleficent - Biding Her Time,1,48,Amethyst,Rare,Character,Sleeping Beauty
Maleficent - Sorceress,1,49,Amethyst,Common,Character,Sleeping Beauty
Marshmallow - Persistent Guardian,1,50,Amethyst,Super Rare,Character,Frozen
Mickey Mouse - Wayward Sorcerer,1,51,Amethyst,Super Rare,Character,Classic Disney
Olaf - Friendly Snowman,1,52,Amethyst,Uncommon,Character,Frozen
Pascal - Rapunzel's Companion,1,53,Amethyst,Uncommon,Character,Tangled
Rafiki - Mysterious Sage,1,54,Amethyst,Uncommon,Character,Lion King
Sven - Official Ice Deliverer,1,55,Amethyst,Uncommon,Character,Frozen
The Queen - Wicked and Vain,1,56,Amethyst,Super Rare,Character,Snow White
The Wardrobe - Belle's Confidant,1,57,Amethyst,Common,Character,Beauty and the Beast
Tinker Bell - Peter Pan's Ally,1,58,Amethyst,Common,Character,Peter Pan
Ursula - Power Hungry,1,59,Amethyst,Legendary,Character,Little Mermaid
Yzma - Alchemist,1,60,Amethyst,Common,Character,Emperor's New Groove
Zeus - God of Lightning,1,61,Amethyst,Rare,Character,Hercules
Aladdin - Prince Ali,1,69,Emerald,Common,Character,Beauty and the Beast
Beast - Wolfsbane,1,70,Emerald,Legendary,Character,Beauty and the Beast
Cheshire Cat - Not All There,1,71,Emerald,Uncommon,Character,101 Dalmatians
Cruella De Vil - Miserable as Usual,1,72,Emerald,Rare,Character,101 Dalmatians
Duke of Weselton - Opportunistic Official,1,73,Emerald,Common,Character,Frozen
Flynn Rider - Charming Rogue,1,74,Emerald,Uncommon,Character,Tangled
Genie - On the Job,1,75,Emerald,Super Rare,Character,Aladdin
Genie - Powers Unleashed,1,76,Emerald,Rare,Character,Aladdin
Genie - The Ever Impressive,1,77,Emerald,Common,Character,Aladdin
Hans - Scheming Prince,1,78,Emerald,Rare,Character,Frozen
Horace - No-Good Scoundrel,1,79,Emerald,Common,Character,101 Dalmatians
Iago - Loud-Mouthed Parrot,1,80,Emerald,Rare,Character,Aladdin
Jasper - Common Crook,1,81,Emerald,Uncommon,Character,101 Dalmatians
John Silver - Alien Pirate,1,82,Emerald,Legendary,Character,Treasure Planet
Jumba Jookiba - Renegade Scientist,1,83,Emerald,Uncommon,Character,Lilo and Stitch
Kuzco - Temperamental Emperor,1,84,Emerald,Rare,Character,Emperor's New Groove
Lady Tremaine - Wicked Stepmother,1,85,Emerald,Rare,Character,Cinderella
Mad Hatter - Gracious Host,1,86,Emerald,Uncommon,Character,Alice in Wonderland
Megara - Pulling the Strings,1,87,Emerald,Common,Character,Hercules
Mickey Mouse - Artful Rogue,1,88,Emerald,Super Rare,Character,Classic Disney
Mickey Mouse - Steamboat Pilot,1,89,Emerald,Common,Character,Classic Disney
Mother Gothel - Selfish Manipulator,1,90,Emerald,Super Rare,Character,Tangled
Peter Pan - Never Landing,1,91,Emerald,Common,Character,Peter Pan
Tamatoa - Drab Little Crab,1,92,Emerald,Uncommon,Character,Moana
Tinker Bell - Most Helpful,1,93,Emerald,Common,Character,Peter Pan
Abu - Mischievous Monkey,1,103,Ruby,Common,Character,Aladdin
Aladdin - Heroic Outlaw,1,104,Ruby,Super Rare,Character,Aladdin
Aladdin - Street Rat,1,105,Ruby,Common,Character,Aladdin
Captain - Colonel's Lieutenant,1,106,Ruby,Uncommon,Character,101 Dalmatians
Captain Hook - Ruthless Pirate,1,107,Ruby,Rare,Character,Peter Pan
Donald Duck - Boisterous Fowl,1,108,Ruby,Uncommon,Character,Classic Disney
Elsa - Ice Surfer,1,109,Ruby,Common,Character,Frozen
Gaston - Arrogant Hunter,1,110,Ruby,Common,Character,Beauty and the Beast
Goofy - Daredevil,1,111,Ruby,Common,Character,Classic Disney
LeFou - Instigator,1,112,Ruby,Rare,Character,Beauty and the Beast
Maleficent - Monstrous Dragon,1,113,Ruby,Legendary,Character,Sleeping Beauty
Maui - Hero to All,1,114,Ruby,Rare,Character,Moana
Mickey Mouse - Brave Little Tailor,1,115,Ruby,Legendary,Character,Classic Disney
Minnie Mouse - Always Classy,1,116,Ruby,Common,Character,Classic Disney
Moana - Chosen by the Ocean,1,117,Ruby,Uncommon,Character,Moana
Mulan - Imperial Soldier,1,118,Ruby,Super Rare,Character,Mulan
Peter Pan - Fearless Fighter,1,119,Ruby,Common,Character,Peter Pan
Pongo - Ol' Rascal,1,120,Ruby,Common,Character,101 Dalmatians
Rapunzel - Letting Down Her Hair,1,121,Ruby,Uncommon,Character,Tangled
Scar - Fiery Usurper,1,122,Ruby,Common,Character,Lion King
Scar - Shameless Firebrand,1,123,Ruby,Rare,Character,Lion King
Sergeant Tibbs - Courageous Cat,1,124,Ruby,Common,Character,101 Dalmatians
Stitch - Abomination,1,125,Ruby,Rare,Character,Lilo and Stitch
Te Kā - The Burning One,1,126,Ruby,Super Rare,Character,Moana
Tigger - Wonderful Thing,1,127,Ruby,Uncommon,Character,Winnie the Pooh
Ariel - Whoseit Collector,1,137,Sapphire,Rare,Character,Little Mermaid
Aurora - Briar Rose,1,138,Sapphire,Common,Character,Sleeping Beauty
Aurora - Dreaming Guardian,1,139,Sapphire,Super Rare,Character,Sleeping Beauty
Aurora - Regal Princess,1,140,Sapphire,Uncommon,Character,Sleeping Beauty
Belle - Inventive Engineer,1,141,Sapphire,Uncommon,Character,Beauty and the Beast
Belle - Strange but Special,1,142,Sapphire,Legendary,Character,Beauty and the Beast
Chief Tui - Respected Leader,1,143,Sapphire,Uncommon,Character,Moana
Donald Duck - Strutting His Stuff,1,144,Sapphire,Common,Character,Classic Disney
Flounder - Voice of Reason,1,145,Sapphire,Common,Character,Little Mermaid
Gramma Tala - Storyteller,1,146,Sapphire,Uncommon,Character,Moana
Hades - Infernal Schemer,1,147,Sapphire,Legendary,Character,Hercules
Jasmine - Disguised,1,148,Sapphire,Common,Character,Aladdin
Jasmine - Queen of Agrabah,1,149,Sapphire,Rare,Character,Aladdin
Maleficent - Sinister Visitor,1,150,Sapphire,Common,Character,Sleeping Beauty
Maleficent - Uninvited,1,151,Sapphire,Rare,Character,Sleeping Beauty
Maurice - World-Famous Inventor,1,152,Sapphire,Rare,Character,Beauty and the Beast
Merlin - Self-Appointed Mentor,1,153,Sapphire,Common,Character,Sword in the Stone
Mickey Mouse - Detective,1,154,Sapphire,Common,Character,Classic Disney
Mufasa - King of the Pride Lands,1,155,Sapphire,Common,Character,Lion King
Philoctetes - Trainer of Heroes,1,156,Sapphire,Common,Character,Hercules
Robin Hood - Unrivaled Archer,1,157,Sapphire,Super Rare,Character,Robin Hood
Scar - Mastermind,1,158,Sapphire,Rare,Character,Lion King
Tamatoa - So Shiny!,1,159,Sapphire,Super Rare,Character,Moana
Triton - The Sea King,1,160,Sapphire,Uncommon,Character,Little Mermaid
Aladdin - Cornered Swordsman,1,171,Steel,Common,Character,Aladdin
Beast - Hardheaded,1,172,Steel,Uncommon,Character,Beauty and the Beast
Captain Hook - Captain of the Jolly Roger,1,173,Steel,Rare,Character,Peter Pan
Captain Hook - Forceful Duelist,1,174,Steel,Common,Character,Peter Pan
Captain Hook - Thinking a Happy Thought,1,175,Steel,Rare,Character,Peter Pan
Cerberus - Three-Headed Dog,1,176,Steel,Common,Character,Hercules
Donald Duck - Musketeer,1,177,Steel,Uncommon,Character,Classic Disney
Gantu - Galactic Federation Captain,1,178,Steel,Legendary,Character,Lilo and Stitch
Goons - Maleficent's Underlings,1,179,Steel,Common,Character,Sleeping Beauty
Hans - Thirteenth in Line,1,180,Steel,Super Rare,Character,Frozen
Hercules - True Hero,1,181,Steel,Common,Character,Hercules
Kristoff - Official Ice Master,1,182,Steel,Common,Character,Frozen
Kronk - Right-Hand Man,1,183,Steel,Uncommon,Character,Emperor's New Groove
Lilo - Galactic Hero,1,184,Steel,Uncommon,Character,Lilo and Stitch
Maui - Demigod,1,185,Steel,Rare,Character,Moana
Mickey Mouse - Musketeer,1,186,Steel,Rare,Character,Classic Disney
Prince Eric - Dashing and Brave,1,187,Steel,Common,Character,Little Mermaid
Simba - Future King,1,188,Steel,Common,Character,Lion King
Simba - Returned King,1,189,Steel,Rare,Character,Lion King
Simba - Rightful Heir,1,190,Steel,Uncommon,Character,Lion King
Starkey - Hook's Henchman,1,191,Steel,Uncommon,Character,Peter Pan
Te Kā - Heartless,1,192,Steel,Legendary,Character,Moana
Tinker Bell - Giant Fairy,1,193,Steel,Super Rare,Character,Peter Pan
Tinker Bell - Tiny Tactician,1,194,Steel,Common,Character,Peter Pan
Bashful - Hopeless Romantic,2,1,Amber,Uncommon,Character,Snow White
Christopher Robin - Adventurer,2,2,Amber,Rare,Character,Winnie the Pooh
Cinderella - Ballroom Sensation,2,3,Amber,Rare,Character,Cinderella
Cobra Bubbles - Just a Social Worker,2,4,Amber,Rare,Character,Lilo and Stitch
Doc - Leader of the Seven Dwarfs,2,5,Amber,Uncommon,Character,Snow White
Dopey - Always Playful,2,6,Amber,Uncommon,Character,Snow White
Eudora - Accomplished Seamstress,2,7,Amber,Common,Character,Princess and the Frog
Gaston - Baritone Bully,2,8,Amber,Uncommon,Character,Beauty and the Beast
Grand Duke - Advisor to the King,2,9,Amber,Rare,Character,Cinderella
Grumpy - Bad-Tempered,2,10,Amber,Common,Character,Snow White
Happy - Good-Natured,2,11,Amber,Common,Character,Snow White
King Louie - Jungle VIP,2,12,Amber,Super Rare,Character,Jungle Book
Mickey Mouse - Friendly Face,2,13,Amber,Super Rare,Character,Classic Disney
Mufasa - Betrayed Leader,2,14,Amber,Legendary,Character,Lion King
Mulan - Free Spirit,2,15,Amber,Common,Character,Mulan
Mulan - Reflecting,2,16,Amber,Rare,Character,Mulan
Nana - Darling Family Pet,2,17,Amber,Uncommon,Character,Peter Pan
Piglet - Very Small Animal,2,18,Amber,Common,Character,Winnie the Pooh
Rapunzel - Gifted Artist,2,19,Amber,Uncommon,Character,Tangled
Rapunzel - Sunshine,2,20,Amber,Common,Character,Tangled
Sleepy - Nodding Off,2,21,Amber,Common,Character,Snow White
Sneezy - Very Allergic,2,22,Amber,Common,Character,Snow White
Snow White - Lost in the Forest,2,23,Amber,Common,Character,Snow White
Snow White - Unexpected Houseguest,2,24,Amber,Uncommon,Character,Snow White
Snow White - Well Wisher,2,25,Amber,Legendary,Character,Snow White
The Queen - Commanding Presence,2,26,Amber,Super Rare,Character,Snow White
The Queen - Regal Monarch,2,27,Amber,Common,Character,Snow White
Arthur - Wizard's Apprentice,2,35,Amethyst,Super Rare,Character,Sword in the Stone
Blue Fairy - Rewarding Good Deeds,2,36,Amethyst,Uncommon,Character,Pinocchio
Chip the Teacup - Gentle Soul,2,37,Amethyst,Common,Character,Beauty and the Beast
Dr. Facilier - Savvy Opportunist,2,38,Amethyst,Common,Character,Princess and the Frog
Elsa - Gloves Off,2,39,Amethyst,Common,Character,Frozen
Fairy Godmother - Here to Help,2,40,Amethyst,Uncommon,Character,Cinderella
Fairy Godmother - Mystic Armorer,2,41,Amethyst,Legendary,Character,Cinderella
Fairy Godmother - Pure Heart,2,42,Amethyst,Common,Character,Cinderella
HeiHei - Persistent Presence,2,43,Amethyst,Uncommon,Character,Moana
Jiminy Cricket - Pinocchio's Conscience,2,44,Amethyst,Common,Character,Pinocchio
Kuzco - Wanted Llama,2,45,Amethyst,Common,Character,Emperor's New Groove
Madam Mim - Fox,2,46,Amethyst,Rare,Character,Sword in the Stone
Madam Mim - Purple Dragon,2,47,Amethyst,Legendary,Character,Sword in the Stone
Madam Mim - Rival of Merlin,2,48,Amethyst,Rare,Character,Sword in the Stone
Madam Mim - Snake,2,49,Amethyst,Uncommon,Character,Sword in the Stone
Merlin - Crab,2,50,Amethyst,Common,Character,Sword in the Stone
Merlin - Goat,2,51,Amethyst,Uncommon,Character,Sword in the Stone
Merlin - Rabbit,2,52,Amethyst,Rare,Character,Sword in the Stone
Merlin - Shapeshifter,2,53,Amethyst,Rare,Character,Sword in the Stone
Merlin - Squirrel,2,54,Amethyst,Common,Character,Sword in the Stone
Peter Pan's Shadow - Not Sewn On,2,55,Amethyst,Super Rare,Character,Peter Pan
Pinocchio - Star Attraction,2,56,Amethyst,Rare,Character,Pinocchio
Pinocchio - On the Run,2,57,Amethyst,Uncommon,Character,Pinocchio
Pinocchio - Talkative Puppet,2,58,Amethyst,Uncommon,Character,Pinocchio
Winnie the Pooh - Hunny Wizard,2,59,Amethyst,Common,Character,Winnie the Pooh
Yzma - Scary Beyond All Reason,2,60,Amethyst,Super Rare,Character,Emperor's New Groove
Yzma - Without Beauty Sleep,2,61,Amethyst,Uncommon,Character,Emperor's New Groove
Arthur - Trained Swordsman,2,69,Emerald,Common,Character,Sword in the Stone
Beast - Relentless,2,70,Emerald,Legendary,Character,Beauty and the Beast
Belle - Bookworm,2,71,Emerald,Uncommon,Character,Beauty and the Beast
Belle - Hidden Archer,2,72,Emerald,Legendary,Character,Beauty and the Beast
Bucky - Squirrel Squeak Tutor,2,73,Emerald,Uncommon,Character,Emperor's New Groove
Cheshire Cat - Always Grinning,2,74,Emerald,Uncommon,Character,Alice in Wonderland
Cheshire Cat - From the Shadows,2,75,Emerald,Super Rare,Character,Alice in Wonderland
Daisy Duck - Secret Agent,2,76,Emerald,Uncommon,Character,Classic Disney
Donald Duck - Perfect Gentleman,2,77,Emerald,Uncommon,Character,Classic Disney
Donald Duck - Sleepwalker,2,78,Emerald,Common,Character,Classic Disney
Dr. Facilier - Fortune Teller,2,79,Emerald,Super Rare,Character,Princess and the Frog
Enchantress - Unexpected Judge,2,80,Emerald,Common,Character,Beauty and the Beast
Flynn Rider - Confident Vagabond,2,81,Emerald,Common,Character,Tangled
Flynn Rider - His Own Biggest Fan,2,82,Emerald,Rare,Character,Tangled
Gaston - Scheming Suitor,2,83,Emerald,Common,Character,Beauty and the Beast
Little John - Loyal Friend,2,84,Emerald,Rare,Character,Robin Hood
Lucifer - Cunning Cat,2,85,Emerald,Rare,Character,Cinderella
Pain - Underworld Imp,2,86,Emerald,Uncommon,Character,Hercules
Panic - Underworld Imp,2,87,Emerald,Common,Character,Hercules
Pete - Bad Guy,2,88,Emerald,Rare,Character,Classic Disney
Prince John - Greediest of All,2,89,Emerald,Rare,Character,Robin Hood
Queen of Hearts - Quick-Tempered,2,90,Emerald,Common,Character,Alice in Wonderland
Ratigan - Criminal Mastermind,2,91,Emerald,Common,Character,Great Mouse Detective
Ray - Easygoing Firefly,2,92,Emerald,Common,Character,Princess and the Frog
The Queen - Disguised Peddler,2,93,Emerald,Super Rare,Character,Snow White
Tiana - True Princess,2,94,Emerald,Uncommon,Character,Princess and the Frog
Virana - Fang Chief,2,95,Emerald,Common,Character,Raya and the Last Dragon
Baloo - Fun-Loving Bear,2,103,Ruby,Common,Character,Jungle Book
Boun - Precocious Entrepreneur,2,104,Ruby,Common,Character,Raya and the Last Dragon
Card Soldiers - Full Deck,2,105,Ruby,Uncommon,Character,Alice in Wonderland
Donald Duck - Not Again!,2,106,Ruby,Legendary,Character,Classic Disney
Felicia - Always Hungry,2,107,Ruby,Common,Character,Great Mouse Detective
Fidget - Ratigan's Henchman,2,108,Ruby,Common,Character,Great Mouse Detective
Honest John - Not That Honest,2,109,Ruby,Rare,Character,Robin Hood
Lady Tremaine - Imperious Queen,2,110,Ruby,Super Rare,Character,Cinderella
Lady Tremaine - Overbearing Matriarch,2,111,Ruby,Common,Character,Cinderella
Lumiere - Hotheaded Candelabra,2,112,Ruby,Rare,Character,Beauty and the Beast
Minnie Mouse - Stylish Surfer,2,113,Ruby,Uncommon,Character,Classic Disney
Minnie Mouse - Wide-Eyed Diver,2,114,Ruby,Rare,Character,Classic Disney
Minnie Mouse - Zipping Around,2,115,Ruby,Common,Character,Classic Disney
Mother Gothel - Withered and Wicked,2,116,Ruby,Uncommon,Character,Tangled
Mulan - Soldier in Training,2,117,Ruby,Common,Character,Mulan
Namaari - Nemesis,2,118,Ruby,Super Rare,Character,Raya and the Last Dragon
Queen of Hearts - Impulsive Ruler,2,119,Ruby,Uncommon,Character,Alice in Wonderland
Queen of Hearts - Sensing Weakness,2,120,Ruby,Uncommon,Character,Alice in Wonderland
Ratigan - Very Large Mouse,2,121,Ruby,Rare,Character,Great Mouse Detective
Raya - Headstrong,2,122,Ruby,Common,Character,Raya and the Last Dragon
Raya - Leader of Heart,2,123,Ruby,Super Rare,Character,Raya and the Last Dragon
Raya - Warrior of Kumandra,2,124,Ruby,Uncommon,Character,Raya and the Last Dragon
Scar - Vicious Cheater,2,125,Ruby,Legendary,Character,Lion King
Shere Khan - Menacing Predator,2,126,Ruby,Rare,Character,Jungle Book
Tigger - One of a Kind,2,127,Ruby,Common,Character,Winnie the Pooh
Tuk Tuk - Wrecking Ball,2,128,Ruby,Rare,Character,Raya and the Last Dragon
Alice - Growing Girl,2,137,Sapphire,Legendary,Character,Alice in Wonderland
Basil - Great Mouse Detective,2,138,Sapphire,Super Rare,Character,Great Mouse Detective
Basil - Of Baker Street,2,139,Sapphire,Common,Character,Great Mouse Detective
Basil - Perceptive Investigator,2,140,Sapphire,Common,Character,Great Mouse Detective
Caterpillar - Calm and Collected,2,141,Sapphire,Uncommon,Character,Alice in Wonderland
Cogsworth - Grandfather Clock,2,142,Sapphire,Super Rare,Character,Beauty and the Beast
Cogsworth - Talking Clock,2,143,Sapphire,Uncommon,Character,Beauty and the Beast
Cruella De Vil - Fashionable Cruiser,2,144,Sapphire,Common,Character,101 Dalmatians
Cruella De Vil - Perfectly Wretched,2,145,Sapphire,Uncommon,Character,101 Dalmatians
Duke Weaselton - Small-Time Crook,2,146,Sapphire,Common,Character,Zootopia
Gaston - Intellectual Powerhouse,2,147,Sapphire,Rare,Character,Beauty and the Beast
Grand Pabbie - Oldest and Wisest,2,148,Sapphire,Super Rare,Character,Frozen
Hiram Flaversham - Toymaker,2,149,Sapphire,Rare,Character,Great Mouse Detective
James - Role Model,2,150,Sapphire,Common,Character,Princess and the Frog
Jasmine - Heir of Agrabah,2,151,Sapphire,Common,Character,Aladdin
Judy Hopps - Optimistic Officer,2,152,Sapphire,Uncommon,Character,Zootopia
Mrs. Judson - Housekeeper,2,153,Sapphire,Rare,Character,Great Mouse Detective
Nick Wilde - Wily Fox,2,154,Sapphire,Uncommon,Character,Zootopia
Noi - Orphaned Thief,2,155,Sapphire,Rare,Character,Raya and the Last Dragon
Owl - Logical Lecturer,2,156,Sapphire,Common,Character,Winnie the Pooh
Prince Charming - Heir to the Throne,2,157,Sapphire,Rare,Character,Cinderella
Rabbit - Reluctant Host,2,158,Sapphire,Common,Character,Winnie the Pooh
Sisu - Divine Water Dragon,2,159,Sapphire,Legendary,Character,Raya and the Last Dragon
The Nokk - Water Spirit,2,160,Sapphire,Common,Character,Frozen
Winnie the Pooh - Having a Think,2,161,Sapphire,Rare,Character,Winnie the Pooh
Beast - Forbidding Recluse,2,171,Steel,Common,Character,Beauty and the Beast
Beast - Selfless Protector,2,172,Steel,Super Rare,Character,Beauty and the Beast
Beast - Tragic Hero,2,173,Steel,Legendary,Character,Beauty and the Beast
Benja - Guardian of the Dragon Gem,2,174,Steel,Common,Character,Raya and the Last Dragon
Chief Bogo - Respected Officer,2,175,Steel,Rare,Character,Zootopia
Cinderella - Knight in Training,2,176,Steel,Common,Character,Cinderella
Cinderella - Stouthearted,2,177,Steel,Super Rare,Character,Cinderella
Donald Duck - Deep-Sea Diver,2,178,Steel,Common,Character,Classic Disney
Eli La Bouff - Big Daddy,2,179,Steel,Uncommon,Character,Princess and the Frog
Goofy - Knight for a Day,2,180,Steel,Rare,Character,Classic Disney
Hercules - Divine Hero,2,181,Steel,Rare,Character,Hercules
Hercules - Hero in Training,2,182,Steel,Common,Character,Hercules
Jafar - Dreadnought,2,183,Steel,Uncommon,Character,Aladdin
Jafar - Royal Vizier,2,184,Steel,Common,Character,Aladdin
Kronk - Junior Chipmunk,2,185,Steel,Rare,Character,Emperor's New Groove
Lawrence - Jealous Manservant,2,186,Steel,Uncommon,Character,Princess and the Frog
Li Shang - Archery Instructor,2,187,Steel,Uncommon,Character,Mulan
Magic Broom - Industrial Model,2,188,Steel,Common,Character,Fantasia
Namaari - Morning Mist,2,189,Steel,Legendary,Character,Raya and the Last Dragon
Pacha - Village Leader,2,190,Steel,Uncommon,Character,Emperor's New Groove
Prince Naveen - Penniless Royal,2,191,Steel,Common,Character,Princess and the Frog
Queen of Hearts - Capricious Monarch,2,192,Steel,Rare,Character,Alice in Wonderland
Robin Hood - Capable Fighter,2,193,Steel,Uncommon,Character,Robin Hood
The Huntsman - Reluctant Enforcer,2,194,Steel,Rare,Character,Snow White
The Prince - Never Gives Up,2,195,Steel,Uncommon,Character,Snow White
Tiana - Celebrating Princess,2,196,Steel,Super Rare,Character,Princess and the Frog
Tiana - Diligent Waitress,2,197,Steel,Common,Character,Princess and the Frog
Baloo - von Bruinwald XIII,3,1,Amber,Rare,Character,TaleSpin
Bernard - Brand-New Agent,3,2,Amber,Rare,Character,Rescuers
Chernabog - Evildoer,3,3,Amber,Super Rare,Character,Fantasia
Dalmatian Puppy - Tail Wagger,3,4a,Amber,Common,Character,101 Dalmatians
Dalmatian Puppy - Tail Wagger,3,4b,Amber,Common,Character,101 Dalmatians
Dalmatian Puppy - Tail Wagger,3,4c,Amber,Common,Character,101 Dalmatians
Dalmatian Puppy - Tail Wagger,3,4d,Amber,Common,Character,101 Dalmatians
Dalmatian Puppy - Tail Wagger,3,4e,Amber,Common,Character,101 Dalmatians
Joshua Sweet - The Doctor,3,5,Amber,Common,Character,Atlantis
Kida - Atlantean,3,6,Amber,Common,Character,Atlantis
Kida - Protector of Atlantis,3,7,Amber,Legendary,Character,Atlantis
Lucky - The 15th Puppy,3,8,Amber,Rare,Character,101 Dalmatians
Minnie Mouse - Musical Artist,3,9,Amber,Rare,Character,Classic Disney
Miss Bianca - Rescue Aid Society Agent,3,10,Amber,Common,Character,Rescuers
Mr. Snoops - Inept Businessman,3,11,Amber,Common,Character,Rescuers
Nani - Protective Sister,3,12,Amber,Uncommon,Character,Lilo and Stitch
Orville - Ace Pilot,3,13,Amber,Common,Character,Rescuers
Patch - Intimidating Pup,3,14,Amber,Common,Character,101 Dalmatians
Perdita - Devoted Mother,3,15,Amber,Legendary,Character,101 Dalmatians
Piglet - Pooh Pirate Captain,3,16,Amber,Super Rare,Character,Winnie the Pooh
Pluto - Determined Defender,3,17,Amber,Rare,Character,Classic Disney
Pluto - Friendly Pooch,3,18,Amber,Uncommon,Character,Classic Disney
Pongo - Determined Father,3,19,Amber,Super Rare,Character,101 Dalmatians
Queen of Hearts - Wonderland Empress,3,20,Amber,Uncommon,Character,Alice in Wonderland
Rolly - Hungry Pup,3,21,Amber,Uncommon,Character,101 Dalmatians
Tinker Bell - Generous Fairy,3,22,Amber,Uncommon,Character,Peter Pan
Wendy Darling - Talented Sailor,3,23,Amber,Uncommon,Character,Peter Pan
Alice - Tea Alchemist,3,35,Amethyst,Super Rare,Character,Alice in Wonderland
Chernabog's Followers - Creatures of Evil,3,36,Amethyst,Uncommon,Character,Fantasia
Diablo - Faithful Pet,3,37,Amethyst,Common,Character,Sleeping Beauty
Genie - Supportive Friend,3,38,Amethyst,Super Rare,Character,Aladdin
Hydros - Ice Titan,3,39,Amethyst,Uncommon,Character,Hercules
Iago - Pretty Polly,3,40,Amethyst,Common,Character,Aladdin
Jafar - Lamp Thief,3,41,Amethyst,Uncommon,Character,Aladdin
Jafar - Striking Illusionist,3,42,Amethyst,Legendary,Character,Aladdin
Lena Sabrewing - Rebellious Teenager,3,43,Amethyst,Common,Character,DuckTales
Magic Broom - Dancing Duster,3,44,Amethyst,Uncommon,Character,Fantasia
Magic Broom - Swift Cleaner,3,45,Amethyst,Common,Character,Fantasia
Magic Broom - The Big Sweeper,3,46,Amethyst,Common,Character,Fantasia
Magic Carpet - Flying Rug,3,47,Amethyst,Common,Character,Aladdin
Magica De Spell - Ambitious Witch,3,48,Amethyst,Common,Character,DuckTales
Magica De Spell - The Midas Touch,3,49,Amethyst,Super Rare,Character,DuckTales
Magica De Spell - Thieving Sorceress,3,50,Amethyst,Uncommon,Character,DuckTales
Maleficent - Mistress of All Evil,3,51,Amethyst,Legendary,Character,Sleeping Beauty
Mama Odie - Voice of Wisdom,3,52,Amethyst,Uncommon,Character,Princess and the Frog
Pua - Potbellied Buddy,3,53,Amethyst,Common,Character,Moana
Rafiki - Mystical Fighter,3,54,Amethyst,Rare,Character,Lion King
Stratos - Tornado Titan,3,55,Amethyst,Rare,Character,Hercules
The Firebird - Force of Destruction,3,56,Amethyst,Common,Character,Fantasia
The Queen - Hateful Rival,3,57,Amethyst,Common,Character,Snow White
Treasure Guardian - Protector of the Cave,3,58,Amethyst,Rare,Character,Aladdin
Ursula - Sea Witch,3,59,Amethyst,Rare,Character,Little Mermaid
Cubby - Mighty Lost Boy,3,69,Emerald,Common,Character,Peter Pan
Cursed Merfolk - Ursula's Handiwork,3,70,Emerald,Rare,Character,Little Mermaid
Don Karnage - Prince of Pirates,3,71,Emerald,Common,Character,TaleSpin
Flotsam - Riffraff,3,72,Emerald,Common,Character,Little Mermaid
Friar Tuck - Priest Of Nottingham,3,73,Emerald,Uncommon,Character,Robin Hood
Helga Sinclair - Femme Fatale,3,74,Emerald,Super Rare,Character,Atlantis
Helga Sinclair - Vengeful Partner,3,75,Emerald,Rare,Character,Atlantis
Jetsam - Riffraff,3,76,Emerald,Common,Character,Aladdin
Kit Cloudkicker - Tough Guy,3,77,Emerald,Uncommon,Character,TaleSpin
Lyle Tiberius Rourke - Cunning Mercenary,3,78,Emerald,Super Rare,Character,Atlantis
Milo Thatch - Clever Cartographer,3,79,Emerald,Common,Character,Atlantis
Milo Thatch - King of Atlantis,3,80,Emerald,Legendary,Character,Atlantis
Morph - Space Goo,3,81,Emerald,Rare,Character,Treasure Planet
Peter Pan - Lost Boy Leader,3,82,Emerald,Rare,Character,Peter Pan
Prince John - Phony King,3,83,Emerald,Uncommon,Character,Robin Hood
Robin Hood - Daydreamer,3,84,Emerald,Rare,Character,Robin Hood
Shenzi - Hyena Pack Leader,3,85,Emerald,Super Rare,Character,Lion King
Sir Hiss - Aggravating Asp,3,86,Emerald,Common,Character,Robin Hood
Skippy - Energetic Rabbit,3,87,Emerald,Common,Character,Robin Hood
Starkey - Devious Pirate,3,88,Emerald,Uncommon,Character,Peter Pan
Stitch - Covert Agent,3,89,Emerald,Rare,Character,Lilo and Stitch
Ursula - Deceiver,3,90,Emerald,Uncommon,Character,Little Mermaid
Ursula - Deceiver of All,3,91,Emerald,Legendary,Character,Little Mermaid
Wildcat - Mechanic,3,92,Emerald,Uncommon,Character,TaleSpin
Zazu - Steward of the Pride Lands,3,93,Emerald,Common,Character,Lion King
Ariel - Adventurous Collector,3,103,Ruby,Super Rare,Character,Little Mermaid
Billy Bones - Keeper of the Map,3,104,Ruby,Common,Character,Treasure Planet
Captain Hook - Master Swordsman,3,105,Ruby,Rare,Character,Peter Pan
Della Duck - Unstoppable Mom,3,106,Ruby,Common,Character,DuckTales
HeiHei - Accidental Explorer,3,107,Ruby,Uncommon,Character,Moana
Hydra - Deadly Serpent,3,108,Ruby,Legendary,Character,Hercules
Jim Hawkins - Space Traveler,3,109,Ruby,Legendary,Character,Treasure Planet
Jim Hawkins - Thrill Seeker,3,110,Ruby,Common,Character,Treasure Planet
Kakamora - Menacing Sailor,3,111,Ruby,Common,Character,Moana
Madame Medusa - The Boss,3,112,Ruby,Super Rare,Character,Rescuers
Maui - Soaring Demigod,3,113,Ruby,Uncommon,Character,Moana
Maui - Whale,3,114,Ruby,Rare,Character,Moana
Milo Thatch - Spirited Scholar,3,115,Ruby,Common,Character,Atlantis
Moana - Born Leader,3,116,Ruby,Rare,Character,Moana
Moana - Undeterred Voyager,3,117,Ruby,Common,Character,Moana
Nutsy - Vulture Henchman,3,118,Ruby,Common,Character,Robin Hood
Peter Pan - Never Land Hero,3,119,Ruby,Common,Character,Peter Pan
Peter Pan - Pirate's Bane,3,120,Ruby,Rare,Character,Peter Pan
Prince Eric - Expert Helmsman,3,121,Ruby,Super Rare,Character,Little Mermaid
Scroop - Backstabber,3,122,Ruby,Uncommon,Character,Treasure Planet
Simba - Scrappy Cub,3,123,Ruby,Rare,Character,Lion King
Slightly - Lost Boy,3,124,Ruby,Uncommon,Character,Peter Pan
Stitch - Little Rocket,3,125,Ruby,Common,Character,Lilo and Stitch
Trigger - Not-So-Sharp Shooter,3,126,Ruby,Uncommon,Character,Robin Hood
Webby Vanderquack - Enthusiastic Duck,3,127,Ruby,Common,Character,DuckTales
Audrey Ramirez - The Engineer,3,137,Sapphire,Rare,Character,Atlantis
Captain Amelia - First In Command,3,138,Sapphire,Common,Character,Treasure Planet
Dewey - Showy Nephew,3,139,Sapphire,Uncommon,Character,DuckTales
Flintheart Glomgold - Lone Cheater,3,140,Sapphire,Uncommon,Character,DuckTales
Genie - Cramped in the Lamp,3,141,Sapphire,Uncommon,Character,Aladdin
Gramma Tala - Keeper of Ancient Stories,3,142,Sapphire,Common,Character,Moana
Gramma Tala - Spirit of the Ocean,3,143,Sapphire,Legendary,Character,Moana
Gyro Gearloose - Gadget Whiz,3,144,Sapphire,Rare,Character,DuckTales
Huey - Savvy Nephew,3,145,Sapphire,Rare,Character,DuckTales
King Louie - Bandleader,3,146,Sapphire,Common,Character,TaleSpin
Kit Cloudkicker - Navigator,3,147,Sapphire,Uncommon,Character,TaleSpin
Kit Cloudkicker - Spunky Bear Cub,3,148,Sapphire,Common,Character,TaleSpin
Louie - Chill Nephew,3,149,Sapphire,Common,Character,DuckTales
Maid Marian - Delightful Dreamer,3,150,Sapphire,Common,Character,Robin Hood
Mama Odie - Mystical Maven,3,151,Sapphire,Rare,Character,Princess and the Frog
Pluto - Mickey's Clever Friend,3,152,Sapphire,Common,Character,Classic Disney
Rufus - Orphanage Cat,3,153,Sapphire,Common,Character,Rescuers
Scrooge McDuck - Richest Duck in the World,3,154,Sapphire,Super Rare,Character,DuckTales
Scrooge Mcduck - Uncle Moneybags,3,155,Sapphire,Uncommon,Character,DuckTales
The Queen - Mirror Seeker,3,156,Sapphire,Uncommon,Character,Snow White
Tinker Bell - Very Clever Fairy,3,157,Sapphire,Super Rare,Character,Peter Pan
Wendy Darling - Authority on Peter Pan,3,158,Sapphire,Super Rare,Character,Peter Pan
Chief Tui - Proud of Motunui,3,171,Steel,Common,Character,Moana
Eeyore - Overstuffed Donkey,3,172,Steel,Common,Character,Winnie the Pooh
Gustav The Giant - Terror of the Kingdom,3,173,Steel,Rare,Character,Classic Disney
Hades - Hotheaded Ruler,3,174,Steel,Rare,Character,Hercules
Helga Sinclair - Right-Hand Woman,3,175,Steel,Common,Character,Atlantis
John Silver - Greedy Treasure Seeker,3,176,Steel,Rare,Character,Treasure Planet
Kida - Royal Warrior,3,177,Steel,Common,Character,Atlantis
Little John - Resourceful Outlaw,3,178,Steel,Super Rare,Character,Robin Hood
Little John - Robin's Pal,3,179,Steel,Uncommon,Character,Robin Hood
Lythos - Rock Titan,3,180,Steel,Uncommon,Character,Hercules
Mickey Mouse - Stalwart Explorer,3,181,Steel,Common,Character,Classic Disney
Mickey Mouse - Trumpeter,3,182,Steel,Legendary,Character,Classic Disney
Minnie Mouse - Funky Spelunker,3,183,Steel,Common,Character,Classic Disney
Mr. Smee - Bumbling Mate,3,184,Steel,Uncommon,Character,Peter Pan
Mufasa - Champion of the Pride Lands,3,185,Steel,Rare,Character,Lion King
Nala - Fierce Friend,3,186,Steel,Uncommon,Character,Lion King
Pyros - Lava Titan,3,187,Steel,Rare,Character,Hercules
Razoul - Palace Guard,3,188,Steel,Common,Character,Aladdin
Robin Hood - Beloved Outlaw,3,189,Steel,Common,Character,Robin Hood
Robin Hood - Champion of Sherwood,3,190,Steel,Legendary,Character,Robin Hood
Sheriff of Nottingham - Corrupt Official,3,191,Steel,Super Rare,Character,Robin Hood
Simba - Fighting Prince,3,192,Steel,Super Rare,Character,Lion King
Simba - Rightful King,3,193,Steel,Uncommon,Character,Lion King
Thaddeus E. Klang - Metallic Leader,3,194,Steel,Uncommon,Character,TaleSpin
Piglet - Pooh Pirate Captain,3,223,Amber,Super Rare,Character,Winnie the Pooh
Agustin Madrigal - Clumsy Dad,4,1,Amber,Common,Character,Encanto
Alma Madrigal - Family Matriarch,4,2,Amber,Rare,Character,Encanto
Ariel - Singing Mermaid,4,3,Amber,Rare,Character,Little Mermaid
Cinderella - Melody Weaver,4,4,Amber,Legendary,Character,Cinderella
Cogsworth - Majordomo,4,5,Amber,Common,Character,Beauty and the Beast
Daisy Duck - Lovely Lady,4,6,Amber,Uncommon,Character,Classic Disney
Daisy Duck - Musketeer Spy,4,7,Amber,Common,Character,Classic Disney
Donald Duck - Musketeer Soldier,4,8,Amber,Uncommon,Character,Classic Disney
Félix Madrigal - Fun-Loving Family Man,4,9,Amber,Uncommon,Character,Encanto
Gaston - Despicable Dealer,4,10,Amber,Super Rare,Character,Beauty and the Beast
Golden Harp - Enchanter of the Land,4,11,Amber,Rare,Character,Classic Disney
Goofy - Musketeer Swordsman,4,12,Amber,Rare,Character,Classic Disney
Julieta Madrigal - Excellent Cook,4,13,Amber,Uncommon,Character,Encanto
Max - Loyal Sheepdog,4,14,Amber,Common,Character,Little Mermaid
Mickey Mouse - Leader of the Band,4,15,Amber,Uncommon,Character,Classic Disney
Mickey Mouse - Musketeer Captain,4,16,Amber,Legendary,Character,Classic Disney
Minnie Mouse - Musketeer Champion,4,17,Amber,Super Rare,Character,Classic Disney
Mirabel Madrigal - Gift of the Family,4,18,Amber,Super Rare,Character,Encanto
Mirabel Madrigal - Prophecy Finder,4,19,Amber,Common,Character,Encanto
Pluto - Rescue Dog,4,20,Amber,Common,Character,Classic Disney
Prince Eric - Seafaring Prince,4,21,Amber,Common,Character,Little Mermaid
Prince Eric - Ursula's Groom,4,22,Amber,Uncommon,Character,Little Mermaid
Stitch - Alien Dancer,4,23,Amber,Common,Character,Lilo and Stitch
Ursula - Eric's Bride,4,24,Amber,Rare,Character,Little Mermaid
Ursula - Vanessa,4,25,Amber,Common,Character,Little Mermaid
Antonio Madrigal - Animal Expert,4,35,Amethyst,Uncommon,Character,Encanto
Belle - Accomplished Mystic,4,36,Amethyst,Super Rare,Character,Beauty and the Beast
Belle - Untrained Mystic,4,37,Amethyst,Common,Character,Beauty and the Beast
Bruno Madrigal - Out of the Shadows,4,38,Amethyst,Rare,Character,Encanto
Bruno Madrigal - Undetected Uncle,4,39,Amethyst,Super Rare,Character,Encanto
Camilo Madrigal - Prankster,4,40,Amethyst,Uncommon,Character,Encanto
Dolores Madrigal - Easy Listener,4,41,Amethyst,Common,Character,Encanto
Elsa - Storm Chaser,4,42,Amethyst,Rare,Character,Frozen
Flotsam - Ursula's Baby,4,43,Amethyst,Uncommon,Character,Little Mermaid
Flotsam and Jetsam - Entangling Eels,4,44,Amethyst,Uncommon,Character,Little Mermaid
Isabela Madrigal - Golden Child,4,45,Amethyst,Rare,Character,Encanto
Jetsam - Ursula's Baby,4,46,Amethyst,Common,Character,Little Mermaid
Luisa Madrigal - Magically Strong One,4,47,Amethyst,Common,Character,Encanto
Magic Broom - Illuminary Keeper,4,48,Amethyst,Common,Character,Fantasia
Magic Broom - Lively Sweeper,4,49,Amethyst,Common,Character,Fantasia
Magical Maid - Feather Duster,4,50,Amethyst,Uncommon,Character,Fantasia
Marshmallow - Terrifying Snowman,4,51,Amethyst,Uncommon,Character,Frozen
Mrs. Potts - Enchanted Teapot,4,52,Amethyst,Rare,Character,Beauty and the Beast
Pepa Madrigal - Weather Maker,4,53,Amethyst,Rare,Character,Encanto
Peter Pan - Shadow Finder,4,54,Amethyst,Super Rare,Character,Peter Pan
Pico - Helpful Toucan,4,55,Amethyst,Common,Character,Encanto
Tick-Tock - Ever-Present Pursuer,4,56,Amethyst,Common,Character,Peter Pan
Ursula - Mad Sea Witch,4,57,Amethyst,Uncommon,Character,Little Mermaid
Ursula - Sea Witch Queen,4,58,Amethyst,Legendary,Character,Little Mermaid
Yen Sid - Powerful Sorcerer,4,59,Amethyst,Legendary,Character,Fantasia
Cri-Kee - Lucky Cricket,4,69,Emerald,Rare,Character,Mulan
Diablo - Devoted Herald,4,70,Emerald,Legendary,Character,Sleeping Beauty
Diablo - Maleficent's Spy,4,71,Emerald,Common,Character,Sleeping Beauty
Gunther - Interior Designer,4,72,Emerald,Common,Character,Tangled
Gus - Champion of Cheese,4,73,Emerald,Common,Character,Cinderella
Hades - Double Dealer,4,74,Emerald,Legendary,Character,Hercules
HeiHei - Bumbling Rooster,4,75,Emerald,Uncommon,Character,Moana
Hera - Queen of the Gods,4,76,Emerald,Rare,Character,Hercules
Jaq - Connoisseur of Climbing,4,77,Emerald,Common,Character,Cinderella
Jasmine - Desert Warrior,4,78,Emerald,Rare,Character,Aladdin
Megara - Captivating Cynic,4,79,Emerald,Common,Character,Hercules
Megara - Liberated One,4,80,Emerald,Uncommon,Character,Hercules
Pain - Immortal Sidekick,4,81,Emerald,Uncommon,Character,Hercules
Panic - Immortal Sidekick,4,82,Emerald,Uncommon,Character,Hercules
Pegasus - Cloud Racer,4,83,Emerald,Uncommon,Character,Hercules
Pegasus - Gift for Hercules,4,84,Emerald,Common,Character,Hercules
Pete - Born to Cheat,4,85,Emerald,Super Rare,Character,Classic Disney
Pete - Rotten Guy,4,86,Emerald,Uncommon,Character,Classic Disney
Prince Phillip - Vanquisher of Foes,4,87,Emerald,Super Rare,Character,Sleeping Beauty
Prince Phillip - Warden of the Woods,4,88,Emerald,Rare,Character,Sleeping Beauty
The Fates - Only One Eye,4,89,Emerald,Common,Character,Hercules
The Muses - Proclaimers of Heroes,4,90,Emerald,Rare,Character,Hercules
Tor - Florist,4,91,Emerald,Common,Character,Tangled
Zeus - Mr. Lightning Bolts,4,92,Emerald,Super Rare,Character,Hercules
Beast - Wounded,4,103,Ruby,Uncommon,Character,Beauty and the Beast
Benja - Bold Uniter,4,104,Ruby,Common,Character,Raya and the Last Dragon
Fa Zhou - Mulan's Father,4,105,Ruby,Common,Character,Mulan
Flynn Rider - Frenemy,4,106,Ruby,Super Rare,Character,Tangled
Goofy - Super Goof,4,107,Ruby,Rare,Character,Classic Disney
Hercules - Clumsy Kid,4,108,Ruby,Common,Character,Hercules
Hercules - Daring Demigod,4,109,Ruby,Uncommon,Character,Hercules
Khan - Beloved Steed,4,110,Ruby,Uncommon,Character,Mulan
Li Shang - General's Son,4,111,Ruby,Common,Character,Mulan
Li Shang - Valorous General,4,112,Ruby,Uncommon,Character,Mulan
Lumiere - Fiery Friend,4,113,Ruby,Rare,Character,Beauty and the Beast
Mulan - Elite Archer,4,114,Ruby,Legendary,Character,Mulan
Mulan - Enemy of Entanglement,4,115,Ruby,Uncommon,Character,Mulan
Mulan - Injured Soldier,4,116,Ruby,Common,Character,Mulan
Namaari - Heir of Fang,4,117,Ruby,Rare,Character,Raya and the Last Dragon
Nessus - River Guardian,4,118,Ruby,Uncommon,Character,Hercules
Noi - Acrobatic Baby,4,119,Ruby,Super Rare,Character,Raya and the Last Dragon
Pegasus - Flying Steed,4,120,Ruby,Common,Character,Hercules
Raya - Fierce Protector,4,121,Ruby,Super Rare,Character,Raya and the Last Dragon
Raya - Guardian of the Dragon Gem,4,122,Ruby,Common,Character,Raya and the Last Dragon
Sisu - Daring Visitor,4,123,Ruby,Uncommon,Character,Raya and the Last Dragon
Sisu - Emboldened Warrior,4,124,Ruby,Rare,Character,Raya and the Last Dragon
Sisu - Empowered Sibling,4,125,Ruby,Legendary,Character,Raya and the Last Dragon
Tong - Survivor,4,126,Ruby,Common,Character,Raya and the Last Dragon
Tuk Tuk - Lively Partner,4,127,Ruby,Rare,Character,Raya and the Last Dragon
Anna - Braving the Storm,4,137,Sapphire,Common,Character,Frozen
Anna - True-Hearted,4,138,Sapphire,Super Rare,Character,Frozen
Ariel - Treasure Collector,4,139,Sapphire,Super Rare,Character,Little Mermaid
Aurora - Lore Guardian,4,140,Sapphire,Super Rare,Character,Sleeping Beauty
Aurora - Tranquil Princess,4,141,Sapphire,Common,Character,Sleeping Beauty
Dang Hu - Talon Chief,4,142,Sapphire,Rare,Character,Raya and the Last Dragon
Fa Li - Mulan's Mother,4,143,Sapphire,Common,Character,Mulan
Flounder - Collector's Companion,4,144,Sapphire,Uncommon,Character,Little Mermaid
Hades - Meticulous Plotter,4,145,Sapphire,Uncommon,Character,Hercules
Hans - Noble Scoundrel,4,146,Sapphire,Common,Character,Frozen
Iduna - Caring Mother,4,147,Sapphire,Uncommon,Character,Frozen
John Silver - Terror of the Realm,4,148,Sapphire,Rare,Character,Treasure Planet
Olaf - Carrot Enthusiast,4,149,Sapphire,Uncommon,Character,Frozen
Olaf - Trusting Companion,4,150,Sapphire,Common,Character,Frozen
Pascal - Inquisitive Pet,4,151,Sapphire,Common,Character,Tangled
Prince Phillip - Gallant Defender,4,152,Sapphire,Rare,Character,Sleeping Beauty
Rapunzel - Appreciative Artist,4,153,Sapphire,Rare,Character,Tangled
Scuttle - Expert on Humans,4,154,Sapphire,Uncommon,Character,Little Mermaid
Sisu - Wise Friend,4,155,Sapphire,Uncommon,Character,Raya and the Last Dragon
The Queen - Diviner,4,156,Sapphire,Legendary,Character,Snow White
Transformed Chef - Castle Stove,4,157,Sapphire,Common,Character,Beauty and the Beast
Triton - Champion of Atlantica,4,158,Sapphire,Legendary,Character,Little Mermaid
Triton - Discerning King,4,159,Sapphire,Rare,Character,Little Mermaid
Triton - Young Prince,4,160,Sapphire,Uncommon,Character,Little Mermaid
Tuk Tuk - Curious Partner,4,161,Sapphire,Common,Character,Raya and the Last Dragon
Aladdin - Brave Rescuer,4,171,Steel,Uncommon,Character,Aladdin
Aladdin - Resolute Swordsman,4,172,Steel,Common,Character,Aladdin
Arges - The Cyclops,4,173,Steel,Common,Character,Hercules
Ariel - Determined Mermaid,4,174,Steel,Common,Character,Little Mermaid
Ariel - Sonic Warrior,4,175,Steel,Super Rare,Character,Little Mermaid
Beast - Thick-Skinned,4,176,Steel,Common,Character,Beauty and the Beast
Chi-Fu - Imperial Advisor,4,177,Steel,Uncommon,Character,Mulan
Chien-Po - Imperial Soldier,4,178,Steel,Common,Character,Mulan
Donald Duck - Buccaneer,4,179,Steel,Legendary,Character,Classic Disney
Hercules - Beloved Hero,4,180,Steel,Rare,Character,Hercules
LeFou - Opportunistic Flunky,4,181,Steel,Rare,Character,Beauty and the Beast
Li Shang - Imperial Captain,4,182,Steel,Uncommon,Character,Mulan
Ling - Imperial Soldier,4,183,Steel,Uncommon,Character,Mulan
Luisa Madrigal - Rock of the Family,4,184,Steel,Common,Character,Encanto
Magic Broom - Aerial Cleaner,4,185,Steel,Common,Character,Fantasia
Magic Broom - Brigade Commander,4,186,Steel,Super Rare,Character,Fantasia
Mickey Mouse - Playful Sorcerer,4,187,Steel,Rare,Character,Classic Disney
Mickey Mouse - Standard Bearer,4,188,Steel,Common,Character,Classic Disney
Mulan - Armored Fighter,4,189,Steel,Uncommon,Character,Mulan
Philoctetes - No-Nonsense Instructor,4,190,Steel,Rare,Character,Hercules
Piglet - Sturdy Swordsman,4,191,Steel,Legendary,Character,Winnie the Pooh
Rajah - Royal Protector,4,192,Steel,Rare,Character,Aladdin
Raya - Unstoppable Force,4,193,Steel,Super Rare,Character,Raya and the Last Dragon
Yao - Imperial Soldier,4,194,Steel,Common,Character,Mulan
Mickey Mouse - Playful Sorcerer,4,225,Steel,Rare,Character,Classic Disney
Koda - Talkative Cub,5,1,Amber,Rare,Character,Brother Bear
Nala - Mischievous Cub,5,2,Amber,Uncommon,Character,Lion King
Prince Naveen - Ukulele Player,5,3,Amber,Legendary,Character,Princess and the Frog
Rutt - Northern Moose,5,4,Amber,Common,Character,Brother Bear
Kenai - Big Brother,5,5,Amber,Common,Character,Brother Bear
Vanellope von Schweetz - Sugar Rush Champ,5,6,Amber,Common,Character,Wreck it Ralph
Tuke - Northern Moose,5,7,Amber,Common,Character,Brother Bear
Lilo - Junior Cake Decorator,5,8,Amber,Common,Character,Lilo and Stitch
Vanellope von Schweetz - Candy Mechanic,5,9,Amber,Common,Character,Wreck it Ralph
"Fix-it Felix, Jr. - Trusty Builder",5,10,Amber,Common,Character,Wreck it Ralph
Gazelle - Pop Star,5,11,Amber,Common,Character,Zootopia
"Fix-it Felix, Jr. - Niceland Steward",5,12,Amber,Uncommon,Character,Wreck it Ralph
Kristoff - Reindeer Keeper,5,13,Amber,Rare,Character,Frozen
Mirabel Madrigal - Family Gatherer,5,14,Amber,Legendary,Character,Encanto
Minnie Mouse - Drum Major,5,15,Amber,Super Rare,Character,Classic Disney
Daisy Duck - Donald's Date,5,16,Amber,Super Rare,Character,Classic Disney
"Fix-it Felix, Jr. - Delighted Sightseer",5,17,Amber,Common,Character,Wreck it Ralph
Moana - Determined Explorer,5,18,Amber,Rare,Character,Moana
Vanellope von Schweetz - Sugar Rush Princess,5,19,Amber,Rare,Character,Wreck it Ralph
Alan-a-dale - Rockin Rooster,5,20,Amber,Uncommon,Character,Robin Hood
Wreck-it Ralph - Admiral Underpants,5,21,Amber,Rare,Character,Wreck it Ralph
Maid Marian - Lady of the Lists,5,22,Amber,Uncommon,Character,Robin Hood
Sven - Reindeer Steed,5,23,Amber,Uncommon,Character,Frozen
Minnie Mouse - Compassionate Friend,5,24,Amber,Common,Character,Classic Disney
Maleficent - Formidable Queen,5,35,Amethyst,Super Rare,Character,Sleeping Beauty
The Nokk - Mythical Spirit,5,36,Amethyst,Common,Character,Frozen
Cogsworth - Illuminary Watchman,5,37,Amethyst,Common,Character,Beauty and the Beast
Merlin - Turtle,5,38,Amethyst,Common,Character,Sword in the Stone
Archimedes - Exasperated Owl,5,39,Amethyst,Common,Character,Sword in the Stone
Bruni - Fire Salamander,5,40,Amethyst,Uncommon,Character,Frozen
Earth Giant - Living Mountain,5,41,Amethyst,Common,Character,Frozen
Gale - Wind Spirit,5,42,Amethyst,Common,Character,Frozen
White Rabbit - Royal Herald,5,43,Amethyst,Common,Character,Alice in Wonderland
Madam Mim - Elephant,5,44,Amethyst,Super Rare,Character,Sword in the Stone
Luisa Madrigal - Entertaining Muscle,5,45,Amethyst,Rare,Character,Encanto
Anna - Mystical Majesty,5,46,Amethyst,Rare,Character,Frozen
Archimedes - Electrified Owl,5,47,Amethyst,Uncommon,Character,Sword in the Stone
Elsa - The Fifth Spirit,5,48,Amethyst,Super Rare,Character,Frozen
Genie - Main Attraction,5,49,Amethyst,Legendary,Character,Aladdin
Olaf - Happy Passenger,5,50,Amethyst,Rare,Character,Frozen
Maleficent - Vexed Partygoer,5,51,Amethyst,Uncommon,Character,Sleeping Beauty
Monstro - Whale of a Whale,5,52,Amethyst,Uncommon,Character,Pinocchio
Magica De Spell - Cruel Sorceress,5,53,Amethyst,Rare,Character,DuckTales
Maleficent - Vengeful Sorceress,5,54,Amethyst,Common,Character,Sleeping Beauty
Rafiki - Shaman Duelist,5,55,Amethyst,Rare,Character,Lion King
Anna - Eager Acolyte,5,56,Amethyst,Common,Character,Frozen
King of Hearts - Monarch of Wonderland,5,57,Amethyst,Uncommon,Character,Alice in Wonderland
Camilo Madrigal - Family Copycat,5,58,Amethyst,Legendary,Character,Encanto
Robin Hood - Timely Contestant,5,69,Emerald,Rare,Character,Robin Hood
Shenzi - Scar's Accomplice,5,70,Emerald,Uncommon,Character,Lion King
Little John - Camp Cook,5,71,Emerald,Uncommon,Character,Robin Hood
Zazu - Advisor to Mufasa,5,72,Emerald,Common,Character,Lion King
Ulf - Mime,5,73,Emerald,Common,Character,Tangled
Ed - Laughing Hyena,5,74,Emerald,Common,Character,Lion King
Flora - Good Fairy,5,75,Emerald,Common,Character,Sleeping Beauty
Robin Hood - Archery Contestant,5,77,Emerald,Common,Character,Robin Hood
Fauna - Good Fairy,5,78,Emerald,Common,Character,Sleeping Beauty
Iago - Fake Flamingo,5,79,Emerald,Rare,Character,Aladdin
Banzai - Gluttonous Predator,5,80,Emerald,Rare,Character,Lion King
Ed - Hysterical Partygoer,5,81,Emerald,Common,Character,Lion King
Scroop - Odious Mutineer,5,82,Emerald,Super Rare,Character,Treasure Planet
Prince Phillip - Swordsman of the Realm,5,83,Emerald,Super Rare,Character,Sleeping Beauty
Clarabelle - Light on Her Hooves,5,84,Emerald,Legendary,Character,Classic Disney
Anna - Diplomatic Queen,5,85,Emerald,Legendary,Character,Frozen
Clarabelle - Clumsy Guest,5,86,Emerald,Common,Character,Classic Disney
Banzai - Taunting Hyena,5,87,Emerald,Common,Character,Lion King
Robin Hood - Sneaky Sleuth,5,88,Emerald,Uncommon,Character,Robin Hood
Mother Gothel - Conceited Manipulator,5,89,Emerald,Uncommon,Character,Tangled
Clarabelle - Contented Wallflower,5,90,Emerald,Uncommon,Character,Classic Disney
Shenzi - Head Hyena,5,91,Emerald,Rare,Character,Lion King
Mother Gothel - Unwavering Schemer,5,92,Emerald,Super Rare,Character,Tangled
Scar - Vengeful Lion,5,93,Emerald,Rare,Character,Lion King
Taffyta Muttonfudge - Ruthless Rival,5,103,Ruby,Uncommon,Character,Wreck it Ralph
Wreck-it Ralph - Demolition Dude,5,104,Ruby,Rare,Character,Wreck it Ralph
Maximus - Team Champion,5,105,Ruby,Super Rare,Character,Tangled
Turbo - Royal Hack,5,106,Ruby,Uncommon,Character,Wreck it Ralph
Donald Duck - Pie Slinger,5,107,Ruby,Legendary,Character,Classic Disney
Rancis Fluggerbutter - Chocolate Charger,5,108,Ruby,Common,Character,Wreck it Ralph
Scar - Betrayer,5,109,Ruby,Uncommon,Character,Lion King
Snowanna Rainbeau - Cool Competitor,5,110,Ruby,Common,Character,Wreck it Ralph
Daisy Duck - Spotless Food-Fighter,5,111,Ruby,Common,Character,Classic Disney
Mickey Mouse - Enthusiastic Dancer,5,112,Ruby,Common,Character,Classic Disney
Ratigan - Raging Rat,5,113,Ruby,Common,Character,Great Mouse Detective
Taffyta Muttonfudge - Crowd Favorite,5,114,Ruby,Common,Character,Wreck it Ralph
Denahi - Avenging Brother,5,115,Ruby,Rare,Character,Brother Bear
Pete - Steamboat Rival,5,116,Ruby,Super Rare,Character,Classic Disney
Taffyta Muttonfudge - Sour Speedster,5,117,Ruby,Uncommon,Character,Wreck it Ralph
Robin Hood - Sharpshooter,5,118,Ruby,Legendary,Character,Robin Hood
Gaston - Pure Paragon,5,119,Ruby,Rare,Character,Beauty and the Beast
Pete - Pastry Chomper,5,120,Ruby,Common,Character,Classic Disney
Arthur - Novice Sparrow,5,121,Ruby,Uncommon,Character,Sword in the Stone
Donald Duck - Daisy's Date,5,122,Ruby,Common,Character,Classic Disney
Ratigan - Party Crasher,5,123,Ruby,Rare,Character,Great Mouse Detective
Vanellope Von Schweetz - Random Roster Racer,5,124,Ruby,Rare,Character,Wreck it Ralph
Simba - Adventurous Successor,5,125,Ruby,Common,Character,Lion King
Minnie Mouse - Dazzling Dancer,5,126,Ruby,Uncommon,Character,Classic Disney
King Candy - Sovereign of Sugar,5,137,Sapphire,Common,Character,Wreck it Ralph
Chaca - Impressive Daughter,5,138,Sapphire,Common,Character,Emperor's New Groove
The Queen - Cruelest of All,5,139,Sapphire,Common,Character,Snow White
Scrooge McDuck - Afficionado of Antiquities,5,140,Sapphire,Rare,Character,DuckTales
Prince John - Opportunistic Briber,5,141,Sapphire,Common,Character,Robin Hood
Merlin - Back from Bermuda,5,142,Sapphire,Common,Character,Sword in the Stone
Pacha - Emperor's Guide,5,143,Sapphire,Uncommon,Character,Emperor's New Groove
The Queen - Fairest of All,5,144,Sapphire,Super Rare,Character,Snow White
Sheriff Of Nottingham - Bushel Britches,5,145,Sapphire,Rare,Character,Robin Hood
Chicha - Dedicated Mother,5,146,Sapphire,Rare,Character,Emperor's New Groove
Prince John - Gold Lover,5,147,Sapphire,Super Rare,Character,Robin Hood
The Queen - Crown of the Council,5,148,Sapphire,Rare,Character,Snow White
Kuzco - Selfish Emperor,5,149,Sapphire,Super Rare,Character,Emperor's New Groove
Mufasa - Ruler of Pride Rock,5,150,Sapphire,Legendary,Character,Lion King
Ludwig Von Drake - Self-Proclaimed Genius,5,151,Sapphire,Uncommon,Character,DuckTales
Minnie Mouse - Quick-Thinking Inventor,5,152,Sapphire,Common,Character,Classic Disney
Basil - Practiced Detective,5,153,Sapphire,Common,Character,Great Mouse Detective
King Candy - Sweet Abomination,5,154,Sapphire,Uncommon,Character,Wreck it Ralph
Donald Duck - Focused Flatfoot,5,155,Sapphire,Common,Character,Classic Disney
Tanana - Wise Woman,5,156,Sapphire,Common,Character,Brother Bear
Tipo - Growing Son,5,157,Sapphire,Uncommon,Character,Emperor's New Groove
Belle - Of the Ball,5,158,Sapphire,Rare,Character,Beauty and the Beast
Merlin - Intellectual Visionary,5,159,Sapphire,Legendary,Character,Sword in the Stone
Stitch - Team Underdog,5,171,Steel,Uncommon,Character,Lilo and Stitch
Jafar - Tyrannical Hypnotist,5,172,Steel,Legendary,Character,Aladdin
Simba - Lost Prince,5,173,Steel,Common,Character,Lion King
Rudy - Groove Disrupter,5,174,Steel,Common,Character,Emperor's New Groove
Royal Guard - Bovine Protector,5,175,Steel,Common,Character,Emperor's New Groove
Mickey Mouse - Food Fight Defender,5,176,Steel,Common,Character,Classic Disney
Sleepy - Sluggish Knight,5,177,Steel,Uncommon,Character,Snow White
Kronk - Unlicensed Investigator,5,178,Steel,Common,Character,Emperor's New Groove
HeiHei - Protective Rooster,5,179,Steel,Common,Character,Moana
Sneezy - Noisy Knight,5,180,Steel,Common,Character,Snow White
Dopey - Knight Apprentice,5,181,Steel,Common,Character,Snow White
Namaari - Resolute Daughter,5,182,Steel,Rare,Character,Raya and the Last Dragon
Snow White - Fair-Hearted,5,183,Steel,Super Rare,Character,Snow White
Yzma - Unjustly Treated,5,184,Steel,Rare,Character,Emperor's New Groove
Kronk - Head of Security,5,185,Steel,Super Rare,Character,Emperor's New Groove
Grumpy - Skeptical Knight,5,186,Steel,Super Rare,Character,Snow White
Pete - Wrestling Champ,5,187,Steel,Rare,Character,Classic Disney
Sir Ector - Castle Lord,5,188,Steel,Rare,Character,Sword in the Stone
Bashful - Adoring Knight,5,189,Steel,Uncommon,Character,Snow White
Arthur - Wart,5,190,Steel,Uncommon,Character,Sword in the Stone
Happy - Lively Knight,5,191,Steel,Common,Character,Snow White
Simba - Son of Mufasa,5,192,Steel,Uncommon,Character,Lion King
Doc - Bold Knight,5,193,Steel,Rare,Character,Snow White
Arthur - King Victorious,5,194,Steel,Legendary,Character,Sword in the Stone
Pete - Games Referee,5,195,Steel,Uncommon,Character,Classic Disney
Never Land - Mermaid Lagoon,3,32,Amber,Common,Location,Peter Pan
Pride Lands - Pride Rock,3,33,Amber,Rare,Location,Lion King
Tiana's Palace - Jazz Restaurant,3,34,Amber,Uncommon,Location,Princess and the Frog
Forbidden Mountain - Maleficent's Castle,3,66,Amethyst,Common,Location,Sleeping Beauty
The Queen's Castle - Mirror Chamber,3,67,Amethyst,Rare,Location,Snow White
The Sorcerer's Tower - Wondrous Workspace,3,68,Amethyst,Uncommon,Location,Fantasia
De Vil Manor - Cruella's Estate,3,100,Emerald,Common,Location,101 Dalmatians
Fang - River City,3,101,Emerald,Rare,Location,Raya and the Last Dragon
Kuzco's Palace - Home of the Emperor,3,102,Emerald,Uncommon,Location,Emperor's New Groove
Agrabah - Marketplace,3,134,Ruby,Common,Location,Aladdin
Jolly Roger - Hook's Ship,3,135,Ruby,Uncommon,Location,Peter Pan
RLS Legacy - Solar Galleon,3,136,Ruby,Rare,Location,Treasure Planet
Belle's House - Maurice's Workshop,3,168,Sapphire,Rare,Location,Beauty and the Beast
McDuck Manor - Scrooge's Mansion,3,169,Sapphire,Common,Location,DuckTales
Motunui - Island Paradise,3,170,Sapphire,Uncommon,Location,Moana
Maui's Place of Exile - Hidden Island,3,202,Steel,Rare,Location,Moana
Nottingham - Prince John's Castle,3,203,Steel,Common,Location,Robin Hood
The Bayou - Mysterious Swamp,3,204,Steel,Uncommon,Location,Princess and the Frog
Atlantica - Concert Hall,4,33,Amber,Common,Location,Little Mermaid
The Underworld - River Styx,4,34,Amber,Rare,Location,Hercules
Casa Madrigal - Casita,4,67,Amethyst,Common,Location,Encanto
Ursula's Lair - Eye of the Storm,4,68,Amethyst,Rare,Location,Little Mermaid
Hidden Cove - Tranquil Haven,4,101,Emerald,Common,Location,Lorcana
Ursula's Garden - Full of the Unfortunate,4,102,Emerald,Rare,Location,Little Mermaid
Snuggly Duckling - Disreputable Pub,4,135,Ruby,Rare,Location,Tangled
Training Grounds - Impossible Pillar,4,136,Ruby,Common,Location,Mulan
Ariel's Grotto - A Secret Place,4,169,Sapphire,Rare,Location,Little Mermaid
Winter Camp - Medical Tent,4,170,Sapphire,Common,Location,Mulan
The Wall - Border Fortress,4,203,Steel,Rare,Location,Mulan
Thebes - The Big Olive,4,204,Steel,Common,Location,Hercules
Rapunzel's Tower - Secluded Prison,5,33,Amber,Uncommon,Location,Tangled
Pride Lands - Jungle Oasis,5,34,Amber,Rare,Location,Lion King
Elsa's Ice Palace - Place of Solitude,5,67,Amethyst,Rare,Location,Frozen
The Library - A Gift for Belle,5,68,Amethyst,Uncommon,Location,Beauty and the Beast
Sherwood Forest - Outlaw Hideaway,5,101,Emerald,Rare,Location,Robin Hood
Tropical Rainforest - Jaguar Lair,5,102,Emerald,Uncommon,Location,Emperor's New Groove
Sugar Rush Speedway - Starting Line,5,135,Ruby,Rare,Location,Wreck it Ralph
Ratigan's Party - Seedy Back Room,5,136,Ruby,Uncommon,Location,Great Mouse Detective
The Great Illuminary - Radiant Ballroom,5,169,Sapphire,Rare,Location,Lorcana
Merlin's Cottage - The Wizard's Home,5,170,Sapphire,Uncommon,Location,Sword in the Stone
Bad-Anon - Villain Support Center,5,203,Steel,Rare,Location,Wreck it Ralph
Seven Dwarfs' Mine - Secure Fortress,5,204,Steel,Uncommon,Location,Snow White
Be Our Guest,1,25,Amber,Uncommon,Song,Beauty and the Beast
Control Your Temper!,1,26,Amber,Common,Action,Beauty and the Beast
Hakuna Matata,1,27,Amber,Common,Song,Lion King
Healing Glow,1,28,Amber,Common,Action,Tangled
Just in Time,1,29,Amber,Rare,Action,Moana
Part of Your World,1,30,Amber,Rare,Song,Little Mermaid
You Have Forgotten Me,1,31,Amber,Uncommon,Action,Lion King
Befuddle,1,62,Amethyst,Uncommon,Action,Sword in the Stone
Freeze,1,63,Amethyst,Common,Action,Frozen
Friends on the Other Side,1,64,Amethyst,Common,Song,Princess and the Frog
Reflection,1,65,Amethyst,Uncommon,Song,Mulan
Do It Again!,1,94,Emerald,Rare,Action,Cinderella
Mother Knows Best,1,95,Emerald,Uncommon,Song,Tangled
Stampede,1,96,Emerald,Common,Action,Lion King
Steal from the Rich,1,97,Emerald,Rare,Action,Robin Hood
Sudden Chill,1,98,Emerald,Common,Song,101 Dalmatians
The Beast is Mine!,1,99,Emerald,Uncommon,Action,Beauty and the Beast
Vicious Betrayal,1,100,Emerald,Common,Action,Lion King
Be Prepared,1,128,Ruby,Rare,Song,Lion King
Cut to the Chase,1,129,Ruby,Uncommon,Action,Classic Disney
Dragon Fire,1,130,Ruby,Uncommon,Action,Sleeping Beauty
Fan the Flames,1,131,Ruby,Uncommon,Action,Beauty and the Beast
He's Got a Sword!,1,132,Ruby,Common,Action,Aladdin
Tangle,1,133,Ruby,Common,Action,Tangled
Develop Your Brain,1,161,Sapphire,Common,Action,Sword in the Stone
If it's Not Baroque,1,162,Sapphire,Rare,Action,Beauty and the Beast
Let It Go,1,163,Sapphire,Rare,Song,Frozen
One Jump Ahead,1,164,Sapphire,Uncommon,Song,Aladdin
Work Together,1,165,Sapphire,Common,Action,Emperor's New Groove
A Whole New World,1,195,Steel,Super Rare,Song,Aladdin
Break,1,196,Steel,Common,Action,Beauty and the Beast
Fire the Cannons!,1,197,Steel,Common,Action,Peter Pan
Grab Your Sword,1,198,Steel,Rare,Song,Beauty and the Beast
Ransack,1,199,Steel,Uncommon,Action,Emperor's New Groove
Smash,1,200,Steel,Uncommon,Action,Frozen
Hold Still,2,28,Amber,Common,Action,Beauty and the Beast
Last Stand,2,29,Amber,Uncommon,Action,Raya and the Last Dragon
Painting the Roses Red,2,30,Amber,Common,Song,Alice in Wonderland
World's Greatest Criminal Mind,2,31,Amber,Rare,Song,Great Mouse Detective
Zero to Hero,2,32,Amber,Uncommon,Song,Hercules
Gruesome and Grim,2,62,Amethyst,Rare,Song,Sword in the Stone
I'm Stuck!,2,63,Amethyst,Common,Action,Winnie the Pooh
Legend of the Sword in the Stone,2,64,Amethyst,Common,Song,Sword in the Stone
Bibbidi Bobbidi Boo,2,96,Emerald,Rare,Song,Cinderella
Bounce,2,97,Emerald,Uncommon,Action,Winnie the Pooh
Hypnotize,2,98,Emerald,Common,Action,Jungle Book
Improvise,2,99,Emerald,Common,Action,Mulan
Pack Tactics,2,100,Emerald,Rare,Action,Emperor's New Groove
Ring the Bell,2,101,Emerald,Uncommon,Action,Great Mouse Detective
Go the Distance,2,129,Ruby,Common,Song,Hercules
Teeth and Ambitions,2,130,Ruby,Rare,Song,Lion King
The Most Diabolical Scheme,2,131,Ruby,Uncommon,Song,Great Mouse Detective
What Did You Call Me,2,132,Ruby,Common,Action,Great Mouse Detective
You Can Fly!,2,133,Ruby,Uncommon,Song,Peter Pan
Falling Down the Rabbit Hole,2,162,Sapphire,Rare,Action,Alice in Wonderland
Four Dozen Eggs,2,163,Sapphire,Uncommon,Song,Beauty and the Beast
Launch,2,164,Sapphire,Uncommon,Action,Lorcana
Nothing to Hide,2,165,Sapphire,Common,Action,Beauty and the Beast
Charge!,2,198,Steel,Common,Action,Raya and the Last Dragon
Let the Storm Rage On,2,199,Steel,Common,Song,Frozen
Pick a Fight,2,200,Steel,Uncommon,Action,Wreck it Ralph
Strength of a Raging Fire,2,201,Steel,Rare,Song,Mulan
99 Puppies,3,24,Amber,Uncommon,Action,101 Dalmatians
Boss's Orders,3,25,Amber,Common,Action,Rescuers
Heal What Has Been Hurt,3,26,Amber,Common,Song,Tangled
Quick Patch,3,27,Amber,Common,Action,TaleSpin
The Bare Necessities,3,28,Amber,Rare,Song,Jungle Book
Bestow a Gift,3,60,Amethyst,Common,Action,Sleeping Beauty
It Calls Me,3,61,Amethyst,Uncommon,Song,Moana
Last-Ditch Effort,3,62,Amethyst,Uncommon,Action,Moana
The Boss Is On A Roll,3,63,Amethyst,Rare,Song,Little Mermaid
Has Set My Heaaaaaaart...,3,94,Emerald,Uncommon,Song,Classic Disney
I Will Find My Way,3,95,Emerald,Common,Song,Hercules
Strike A Good Match,3,96,Emerald,Common,Song,Mulan
Divebomb,3,128,Ruby,Uncommon,Action,Aladdin
I've Got a Dream,3,129,Ruby,Uncommon,Song,Tangled
On Your Feet! Now!,3,130,Ruby,Rare,Action,Peter Pan
Voyage,3,131,Ruby,Common,Action,Moana
Distract,3,159,Sapphire,Common,Action,Classic Disney
Friend Like Me,3,160,Sapphire,Rare,Song,Aladdin
How Far I'll Go,3,161,Sapphire,Uncommon,Song,Moana
Repair,3,162,Sapphire,Common,Action,Atlantis
And Then Along Came Zeus,3,195,Steel,Rare,Song,Hercules
Ba-boom!,3,196,Steel,Common,Action,Treasure Planet
Olympus Would Be That Way,3,197,Steel,Common,Action,Hercules
Rise of the Titans,3,198,Steel,Uncommon,Action,Hercules
Bruno's Return,4,26,Amber,Uncommon,Action,Encanto
First Aid,4,27,Amber,Common,Action,Classic Disney
Look At This Family,4,28,Amber,Rare,Song,Encanto
Lost In The Woods,4,29,Amber,Uncommon,Song,Frozen
Sign The Scroll,4,30,Amber,Uncommon,Action,Little Mermaid
Poor Unfortunate Souls,4,60,Amethyst,Common,Song,Little Mermaid
Second Star To The Right,4,61,Amethyst,Rare,Song,Peter Pan
Swing Into Action,4,62,Amethyst,Common,Action,Encanto
Ursula's Plan,4,63,Amethyst,Uncommon,Action,Little Mermaid
Dodge!,4,93,Emerald,Common,Action,Classic Disney
Make The Potion,4,94,Emerald,Common,Action,Snow White
Under The Sea,4,95,Emerald,Rare,Song,Little Mermaid
Ursula's Trickery,4,96,Emerald,Uncommon,Action,Little Mermaid
We Don't Talk About Bruno,4,97,Emerald,Rare,Song,Encanto
A Pirate's Life,4,128,Ruby,Uncommon,Song,Peter Pan
Be King Undisputed,4,129,Ruby,Rare,Song,Lion King
Brawl,4,130,Ruby,Common,Action,Tangled
Dig A Little Deeper,4,162,Sapphire,Uncommon,Song,Princess and the Frog
Glean,4,163,Sapphire,Common,Action,Beauty and the Beast
Seldom All They Seem,4,164,Sapphire,Common,Song,Sleeping Beauty
Treasures Untold,4,165,Sapphire,Rare,Song,Little Mermaid
Avalanche,4,195,Steel,Uncommon,Action,Mulan
I Find 'Em, I Flatten 'Em,4,196,Steel,Uncommon,Song,Encanto
One Last Hope,4,197,Steel,Rare,Song,Hercules
The Mob Song,4,198,Steel,Uncommon,Song,Beauty and the Beast
Triton's Decree,4,199,Steel,Common,Action,Little Mermaid
Try Everything,5,25,Amber,Uncommon,Song,Zootopia
Healing Touch,5,26,Amber,Common,Action,Frozen
Revive,5,27,Amber,Rare,Action,Tangled
Blast From Your Past,5,28,Amber,Super Rare,Song,Aladdin
Invited to the Ball,5,29,Amber,Uncommon,Action,Cinderella
Hypnotic Strength,5,59,Amethyst,Common,Action,Aladdin
Finders Keepers,5,60,Amethyst,Uncommon,Action,Aladdin
We Know The Way,5,61,Amethyst,Rare,Song,Moana
Gathering Knowledge And Wisdom,5,62,Amethyst,Common,Action,Sword in the Stone
Magical Aid,5,63,Amethyst,Uncommon,Action,Aladdin
Hypnotic Deduction,5,94,Emerald,Common,Action,Great Mouse Detective
Night Howler Rage,5,95,Emerald,Common,Action,Zootopia
You're Welcome,5,96,Emerald,Uncommon,Song,Moana
Remember Who You Are,5,97,Emerald,Rare,Action,Lion King
Break Free,5,127,Ruby,Common,Action,Peter Pan
Evil Comes Prepared,5,128,Ruby,Common,Action,Lion King
Don't Let The Frostbite Bite,5,129,Ruby,Rare,Song,Frozen
Glimmer vs Glimmer,5,130,Ruby,Uncommon,Action,Hercules
Who's With Me,5,131,Ruby,Super Rare,Action,Beauty and the Beast
Vision Of The Future,5,160,Sapphire,Common,Action,Sword in the Stone
Royal Tantrum,5,161,Sapphire,Rare,Action,Robin Hood
Ever As Before,5,162,Sapphire,Common,Song,Beauty and the Beast
Hide Away,5,163,Sapphire,Uncommon,Action,Sleeping Beauty
All Funned Out,5,164,Sapphire,Uncommon,Action,Emperor's New Groove
Tug-of-War,5,196,Steel,Rare,Action,Peter Pan
When Will My Life Begin,5,197,Steel,Common,Song,Tangled
Duck For Cover!,5,198,Steel,Common,Action,DuckTales
Food Fight!,5,199,Steel,Uncommon,Action,Classic Disney
Dinglehopper,1,32,Amber,Common,Item,Little Mermaid
Lantern,1,33,Amber,Rare,Item,Tangled
Ursula's Shell Necklace,1,34,Amber,Rare,Item,Little Mermaid
Magic Mirror,1,66,Amethyst,Rare,Item,Snow White
Ursula's Cauldron,1,67,Amethyst,Uncommon,Item,Little Mermaid
White Rabbit's Pocket Watch,1,68,Amethyst,Rare,Item,Alice in Wonderland
Dr. Facilier's Cards,1,101,Emerald,Uncommon,Item,Princess and the Frog
Stolen Scimitar,1,102,Emerald,Common,Item,Aladdin
Poisoned Apple,1,134,Ruby,Rare,Item,Snow White
Shield of Virtue,1,135,Ruby,Uncommon,Item,Sleeping Beauty
Sword of Truth,1,136,Ruby,Rare,Item,Sleeping Beauty
Coconut Basket,1,166,Sapphire,Uncommon,Item,Moana
Eye of the Fates,1,167,Sapphire,Uncommon,Item,Hercules
Fishbone Quill,1,168,Sapphire,Rare,Item,Little Mermaid
Magic Golden Flower,1,169,Sapphire,Common,Item,Tangled
Scepter of Arendelle,1,170,Sapphire,Uncommon,Item,Frozen
Beast's Mirror,1,201,Steel,Common,Item,Beauty and the Beast
Frying Pan,1,202,Steel,Uncommon,Item,Tangled
Musketeer Tabard,1,203,Steel,Rare,Item,Classic Disney
Plasma Blaster,1,204,Steel,Rare,Item,Lilo and Stitch
Dragon Gem,2,33,Amber,Rare,Item,Raya and the Last Dragon
Sleepy's Flute,2,34,Amber,Rare,Item,Snow White
Binding Contract,2,65,Amethyst,Uncommon,Item,Little Mermaid
Croquet Mallet,2,66,Amethyst,Common,Item,Alice in Wonderland
Perplexing Signposts,2,67,Amethyst,Rare,Item,Alice in Wonderland
The Sorcerer's Spellbook,2,68,Amethyst,Rare,Item,Fantasia
Ratigan's Marvelous Trap,2,102,Emerald,Rare,Item,Great Mouse Detective
Dinner Bell,2,134,Ruby,Rare,Item,Great Mouse Detective
Peter Pan's Dagger,2,135,Ruby,Common,Item,Peter Pan
Sword in the Stone,2,136,Ruby,Uncommon,Item,Sword in the Stone
Fang Crossbow,2,166,Sapphire,Uncommon,Item,Raya and the Last Dragon
Gumbo Pot,2,167,Sapphire,Common,Item,Princess and the Frog
Maurice's Workshop,2,168,Sapphire,Rare,Item,Beauty and the Beast
Pawpsicle,2,169,Sapphire,Common,Item,Zootopia
Sardine Can,2,170,Sapphire,Uncommon,Item,Rescuers
Last Cannon,2,202,Steel,Common,Item,Mulan
Mouse Armor,2,203,Steel,Uncommon,Item,Great Mouse Detective
Weight Set,2,204,Steel,Rare,Item,Hercules
Cleansing Rainwater,3,29,Amber,Common,Item,Raya and the Last Dragon
Heart of Atlantis,3,30,Amber,Rare,Item,Atlantis
Wildcat's Wrench,3,31,Amber,Uncommon,Item,TaleSpin
The Lamp,3,64,Amethyst,Rare,Item,Aladdin
The Sorcerer's Hat,3,65,Amethyst,Rare,Item,Fantasia
Airfoil,3,97,Emerald,Common,Item,TaleSpin
Robin's Bow,3,98,Emerald,Uncommon,Item,Robin Hood
Starlight Vial,3,99,Emerald,Rare,Item,Lorcana
Maui's Fish Hook,3,132,Ruby,Rare,Item,Moana
Sumerian Talisman,3,133,Ruby,Uncommon,Item,DuckTales
Aurelian Gyrosensor,3,163,Sapphire,Rare,Item,Lorcana
Heart of Te Fiti,3,164,Sapphire,Rare,Item,Moana
Lucky Dime,3,165,Sapphire,Legendary,Item,DuckTales
Scrooge's Top Hat,3,166,Sapphire,Uncommon,Item,DuckTales
Vault Door,3,167,Sapphire,Common,Item,DuckTales
Captain Hook's Rapier,3,199,Steel,Uncommon,Item,Peter Pan
Gizmosuit,3,200,Steel,Common,Item,DuckTales
Map of Treasure Planet,3,201,Steel,Rare,Item,Treasure Planet
Miracle Candle,4,31,Amber,Rare,Item,Encanto
Record Player,4,32,Amber,Common,Item,Lilo and Stitch
Mystical Rose,4,64,Amethyst,Rare,Item,Beauty and the Beast
Rose Lantern,4,65,Amethyst,Common,Item,Beauty and the Beast
Triton's Trident,4,66,Amethyst,Uncommon,Item,Little Mermaid
Hidden Inkcaster,4,98,Emerald,Common,Item,Lorcana
Signed Contract,4,99,Emerald,Uncommon,Item,Little Mermaid
Vision Slab,4,100,Emerald,Uncommon,Item,Encanto
Imperial Proclamation,4,131,Ruby,Rare,Item,Mulan
Medallion Weights,4,132,Ruby,Uncommon,Item,Mulan
The Plank,4,133,Ruby,Common,Item,Peter Pan
Vitalisphere,4,134,Ruby,Common,Item,Lorcana
Field Of Ice,4,166,Sapphire,Rare,Item,Frozen
Great Stone Dragon,4,167,Sapphire,Uncommon,Item,Mulan
Ice Block,4,168,Sapphire,Common,Item,Frozen
Fortisphere,4,200,Steel,Common,Item,Lorcana
Imperial Bow,4,201,Steel,Uncommon,Item,Mulan
RLS Legacy's Cannon,4,202,Steel,Rare,Item,Treasure Planet
Healing Decanter,5,30,Amber,Common,Item,Lorcana
Queen's Sensor Core,5,31,Amber,Rare,Item,Lorcana
Amber Chromicon,5,32,Amber,Uncommon,Item,Lorcana
Retrosphere,5,64,Amethyst,Common,Item,Lorcana
Half Hexwell Crown,5,65,Amethyst,Rare,Item,Lorcana
Amethyst Chromicon,5,66,Amethyst,Uncommon,Item,Lorcana
Prince John's Mirror,5,98,Emerald,Rare,Item,Robin Hood
Obscurosphere,5,99,Emerald,Common,Item,Lorcana
Emerald Chromicon,5,100,Emerald,Uncommon,Item,Lorcana
Potion of Might,5,132,Ruby,Common,Item,Snow White
The Sword Released,5,133,Ruby,Rare,Item,Sword in the Stone
Ruby Chromicon,5,134,Ruby,Uncommon,Item,Lorcana
Medal of Heroes,5,165,Sapphire,Common,Item,Wreck it Ralph
Basil's Magnifying Glass,5,166,Sapphire,Rare,Item,Great Mouse Detective
Merlin's Carpetbag,5,167,Sapphire,Uncommon,Item,Sword in the Stone
Sapphire Chromicon,5,168,Sapphire,Uncommon,Item,Lorcana
Shield of Arendelle,5,200,Steel,Common,Item,Frozen
Plate Armor,5,201,Steel,Rare,Item,Sword in the Stone
Steel Chromicon,5,202,Steel,Uncommon,Item,Lorcana
Hades - King of Olympus,1,205,Amber,Enchanted,Character,Hercules
Stitch - Carefree Surfer,1,206,Amber,Enchanted,Character,Lilo and Stitch
Elsa - Spirit of Winter,1,207,Amethyst,Enchanted,Character,Frozen
Mickey Mouse - Wayward Sorcerer,1,208,Amethyst,Enchanted,Character,Fantasia
Genie - On the Job,1,209,Emerald,Enchanted,Character,Aladdin
Mickey Mouse - Artful Rogue,1,210,Emerald,Enchanted,Character,Classic Disney
Aladdin - Heroic Outlaw,1,211,Ruby,Enchanted,Character,Aladdin
Maui - Hero to All,1,212,Ruby,Enchanted,Character,Moana
Aurora - Dreaming Guardian,1,213,Sapphire,Enchanted,Character,Sleeping Beauty
Belle - Strange but Special,1,214,Sapphire,Enchanted,Character,Beauty and the Beast
Simba - Returned King,1,215,Steel,Enchanted,Character,Lion King
Tinker Bell - Giant Fairy,1,216,Steel,Enchanted,Character,Peter Pan
Cinderella - Ballroom Sensation,2,205,Amber,Enchanted,Character,Cinderella
Snow White - Well Wisher,2,206,Amber,Enchanted,Character,Snow White
Arthur - Wizard's Apprentice,2,207,Amethyst,Enchanted,Character,Sword in the Stone
Madam Mim - Purple Dragon,2,208,Amethyst,Enchanted,Character,Sword in the Stone
Pete - Bad Guy,2,209,Emerald,Enchanted,Character,Classic Disney
Beast - Relentless,2,210,Emerald,Enchanted,Character,Beauty and the Beast
Lady Tremaine - Imperious Queen,2,211,Ruby,Enchanted,Character,Cinderella
Shere Khan - Menacing Predator,2,212,Ruby,Enchanted,Character,Jungle Book
Alice - Growing Girl,2,213,Sapphire,Enchanted,Character,Alice in Wonderland
Sisu - Divine Water Dragon,2,214,Sapphire,Enchanted,Character,Raya and the Last Dragon
Hercules - Divine Hero,2,215,Steel,Enchanted,Character,Hercules
Namaari - Morning Mist,2,216,Steel,Enchanted,Character,Raya and the Last Dragon
Chernabog - Evildoer,3,205,Amber,Enchanted,Character,Fantasia
Kida - Protector of Atlantis,3,206,Amber,Enchanted,Character,Atlantis
Pride Lands - Pride Rock,3,207,Amber,Enchanted,Location,Lion King
Jafar - Striking Illusionist,3,208,Amethyst,Enchanted,Character,Aladdin
Maleficent - Mistress of All Evil,3,209,Amethyst,Enchanted,Character,Sleeping Beauty
The Sorcerer's Hat,3,210,Amethyst,Enchanted,Item,Fantasia
Morph - Space Goo,3,211,Emerald,Enchanted,Character,Treasure Planet
Ursula - Deceiver of All,3,212,Emerald,Enchanted,Character,Little Mermaid
Kuzco's Palace - Home of the Emperor,3,213,Emerald,Enchanted,Location,Emperor's New Groove
Captain Hook - Master Swordsman,3,214,Ruby,Enchanted,Character,Peter Pan
Peter Pan - Pirate's Bane,3,215,Ruby,Enchanted,Character,Peter Pan
RLS Legacy - Solar Galleon,3,216,Ruby,Enchanted,Location,Treasure Planet
Gramma Tala - Spirit of the Ocean,3,217,Sapphire,Enchanted,Character,Moana
Scrooge McDuck - Richest Duck in the World,3,218,Sapphire,Enchanted,Character,DuckTales
Belle's House - Maurice's Workshop,3,219,Sapphire,Enchanted,Location,Beauty and the Beast
Mickey Mouse - Trumpeter,3,220,Steel,Enchanted,Character,Classic Disney
Robin Hood - Champion of Sherwood,3,221,Steel,Enchanted,Character,Robin Hood
And Then Along Came Zeus,3,222,Steel,Enchanted,Song,Hercules
Cinderella - Melody Weaver,4,205,Amber,Enchanted,Character,Cinderella
Minnie Mouse - Musketeer Champion,4,206,Amber,Enchanted,Character,Classic Disney
Look At This Family,4,207,Amber,Enchanted,Song,Encanto
Ursula - Sea Witch Queen,4,208,Amethyst,Enchanted,Character,Little Mermaid
Yen Sid - Powerful Sorcerer,4,209,Amethyst,Enchanted,Character,Fantasia
Second Star To The Right,4,210,Amethyst,Enchanted,Song,Peter Pan
Diablo - Devoted Herald,4,211,Emerald,Enchanted,Character,Sleeping Beauty
Jasmine - Desert Warrior,4,212,Emerald,Enchanted,Character,Aladdin
We Don't Talk About Bruno,4,213,Emerald,Enchanted,Song,Encanto
Goofy - Super Goof,4,214,Ruby,Enchanted,Character,Classic Disney
Sisu - Empowered Sibling,4,215,Ruby,Enchanted,Character,Raya and the Last Dragon
Snuggly Duckling - Disreputable Pub,4,216,Ruby,Enchanted,Location,Tangled
Anna - True-Hearted,4,217,Sapphire,Enchanted,Character,Frozen
The Queen - Diviner,4,218,Sapphire,Enchanted,Character,Snow White
Ariel's Grotto - A Secret Place,4,219,Sapphire,Enchanted,Location,Little Mermaid
Ariel - Sonic Warrior,4,220,Steel,Enchanted,Character,Little Mermaid
Piglet - Sturdy Swordsman,4,221,Steel,Enchanted,Character,Winnie the Pooh
The Wall - Border Fortress,4,222,Steel,Enchanted,Location,Mulan
Prince Naveen - Ukulele Player,5,205,Amber,Enchanted,Character,Princess and the Frog
Vanellope Von Schweetz - Sugar Rush Princess,5,206,Amber,Enchanted,Character,Wreck it Ralph
Revive,5,207,Amber,Enchanted,Action,Tangled
Archimedes - Electrified Owl,5,208,Amethyst,Enchanted,Character,Sword in the Stone
Olaf - Happy Passenger,5,209,Amethyst,Enchanted,Character,Frozen
Finders Keepers,5,210,Amethyst,Enchanted,Action,Aladdin
Clarabelle - Light on Her Hooves,5,211,Emerald,Enchanted,Character,Classic Disney
Scar - Vengeful Lion,5,212,Emerald,Enchanted,Character,Lion King
You're Welcome,5,213,Emerald,Enchanted,Song,Moana
Donald Duck - Pie Slinger,5,214,Ruby,Enchanted,Character,Classic Disney
Robin Hood - Sharpshooter,5,215,Ruby,Enchanted,Character,Robin Hood
King Candy - Sweet Abomination,5,218,Sapphire,Enchanted,Character,Wreck it Ralph
Royal Tantrum,5,219,Sapphire,Enchanted,Action,Robin Hood
Arthur - King Victorious,5,221,Steel,Enchanted,Character,Sword in the Stone
Bad-Anon - Villain Support Center,5,222,Steel,Enchanted,Location,Wreck it Ralph